location,salmon_lifestage,region,date_of_collection,slice_conc_PPB,dish,louse_sex,louse_stage,Trial_start,temp_0_hrs,temp_1_hrs,temp_6_hrs,temp_12_hrs,temp_18_hrs,temp_24_hrs,dead,moribund,live,avg_temp_0_6_12_18_24hrs,dead_and_moribund,Ethanol_vial#,comments
unknown,Adult,Clayoquot,2019/08/04,0,1,M,P2,14:50,18,15,10,10,12,13,1,0,0,12.6,1,"Because lice were taken off sportfish we don't know exactly how long they've been out of the ocean, on ice or in a hold.  This likley has an effect on mortality rates in trails. ",
unknown,Adult,Clayoquot,2019/08/04,0,1,M,A,14:50,18,15,10,10,12,13,0,0,1,12.6,0,,
unknown,Adult,Clayoquot,2019/08/04,0,1,F,P1,14:50,18,15,10,10,12,13,0,0,1,12.6,0,,
unknown,Adult,Clayoquot,2019/08/04,0,1,M,A,14:50,18,15,10,10,12,13,0,0,1,12.6,0,,
unknown,Adult,Clayoquot,2019/08/04,0,1,F,P2,14:50,18,15,10,10,12,13,0,1,0,12.6,1,,
unknown,Adult,Clayoquot,2019/08/04,0,1,M,P1,14:50,18,15,10,10,12,13,0,0,1,12.6,0,,
unknown,Adult,Clayoquot,2019/08/04,0,1,M,P2,14:50,18,15,10,10,12,13,0,0,1,12.6,0,,
unknown,Adult,Clayoquot,2019/08/04,0,1,M,P2,14:50,18,15,10,10,12,13,0,0,1,12.6,0,,
unknown,Adult,Clayoquot,2019/08/04,250,2,M,A,14:50,18,15,10,10,12,13,0,0,1,12.6,0,,
unknown,Adult,Clayoquot,2019/08/04,250,2,F,P2,14:50,18,15,10,10,12,13,1,0,0,12.6,1,,
unknown,Adult,Clayoquot,2019/08/04,250,2,M,P2,14:50,18,15,10,10,12,13,0,1,0,12.6,1,,
unknown,Adult,Clayoquot,2019/08/04,250,2,F,P2,14:50,18,15,10,10,12,13,1,0,0,12.6,1,,
unknown,Adult,Clayoquot,2019/08/04,250,2,M,P2,14:50,18,15,10,10,12,13,1,0,0,12.6,1,,
unknown,Adult,Clayoquot,2019/08/04,250,2,M,P2,14:50,18,15,10,10,12,13,1,0,0,12.6,1,,
unknown,Adult,Clayoquot,2019/08/04,250,2,F,P2,14:50,18,15,10,10,12,13,1,0,0,12.6,1,,
unknown,Adult,Clayoquot,2019/08/04,500,3,M,P2,14:50,18,15,10,10,12,13,1,0,0,12.6,1,,
unknown,Adult,Clayoquot,2019/08/04,500,3,F,P2,14:50,18,15,10,10,12,13,1,0,0,12.6,1,,
unknown,Adult,Clayoquot,2019/08/04,500,3,M,A,14:50,18,15,10,10,12,13,1,0,0,12.6,1,,
unknown,Adult,Clayoquot,2019/08/04,500,3,M,P2,14:50,18,15,10,10,12,13,1,0,0,12.6,1,,
unknown,Adult,Clayoquot,2019/08/04,500,3,M,A,14:50,18,15,10,10,12,13,1,0,0,12.6,1,,
unknown,Adult,Clayoquot,2019/08/04,500,3,M,A,14:50,18,15,10,10,12,13,1,0,0,12.6,1,,
unknown,Adult,Clayoquot,2019/08/04,500,3,F,P1,14:50,18,15,10,10,12,13,1,0,0,12.6,1,,
unknown,Adult,Clayoquot,2019/08/05,0,4,M,P2,13:00,20,9,12,9,12,10,1,0,0,12.6,1,"Because lice were taken off sportfish we don't know exactly how long they've been out of the ocean, on ice or in a hold.  This likley has an effect on mortality rates in trails. ",
unknown,Adult,Clayoquot,2019/08/05,0,4,M,A,13:00,20,9,12,9,12,10,0,0,1,12.6,0,,
unknown,Adult,Clayoquot,2019/08/05,0,4,M,A,13:00,20,9,12,9,12,10,0,0,1,12.6,0,,
unknown,Adult,Clayoquot,2019/08/05,0,4,M,A,13:00,20,9,12,9,12,10,0,0,1,12.6,0,,
unknown,Adult,Clayoquot,2019/08/05,0,4,M,A,13:00,20,9,12,9,12,10,0,0,1,12.6,0,,
unknown,Adult,Clayoquot,2019/08/05,0,4,M,A,13:00,20,9,12,9,12,10,0,0,1,12.6,0,,
unknown,Adult,Clayoquot,2019/08/05,0,4,M,A,13:00,20,9,12,9,12,10,0,0,1,12.6,0,,
unknown,Adult,Clayoquot,2019/08/05,0,4,M,A,13:00,20,9,12,9,12,10,0,0,1,12.6,0,,
unknown,Adult,Clayoquot,2019/08/05,125,5,M,A,13:00,20,9,12,9,12,10,0,1,0,12.6,1,,
unknown,Adult,Clayoquot,2019/08/05,125,5,M,A,13:00,20,9,12,9,12,10,1,0,0,12.6,1,,
unknown,Adult,Clayoquot,2019/08/05,125,5,F,P2,13:00,20,9,12,9,12,10,1,0,0,12.6,1,,
unknown,Adult,Clayoquot,2019/08/05,125,5,M,A,13:00,20,9,12,9,12,10,1,0,0,12.6,1,,
unknown,Adult,Clayoquot,2019/08/05,125,5,M,A,13:00,20,9,12,9,12,10,1,0,0,12.6,1,,
unknown,Adult,Clayoquot,2019/08/05,125,5,M,A,13:00,20,9,12,9,12,10,1,0,0,12.6,1,,
unknown,Adult,Clayoquot,2019/08/05,125,5,M,A,13:00,20,9,12,9,12,10,1,0,0,12.6,1,,
unknown,Adult,Clayoquot,2019/08/05,125,5,M,A,13:00,20,9,12,9,12,10,1,0,0,12.6,1,,
unknown,Adult,Clayoquot,2019/08/06,0,6,M,P2,14:00,13,11,10,10,13,12,0,0,1,11.6,0,"Because lice were taken off sportfish we don't know exactly how long they've been out of the ocean, on ice or in a hold.  This likley has an effect on mortality rates in trails. ",
unknown,Adult,Clayoquot,2019/08/06,0,6,M,A,14:00,13,11,10,10,13,12,0,0,1,11.6,0,,
unknown,Adult,Clayoquot,2019/08/06,0,6,M,A,14:00,13,11,10,10,13,12,0,0,1,11.6,0,,
unknown,Adult,Clayoquot,2019/08/06,0,6,M,P2,14:00,13,11,10,10,13,12,0,0,1,11.6,0,,
unknown,Adult,Clayoquot,2019/08/06,0,6,M,P2,14:00,13,11,10,10,13,12,0,0,1,11.6,0,,
unknown,Adult,Clayoquot,2019/08/06,0,6,M,A,14:00,13,11,10,10,13,12,0,0,1,11.6,0,,
unknown,Adult,Clayoquot,2019/08/06,0,6,M,A,14:00,13,11,10,10,13,12,0,0,1,11.6,0,,
unknown,Adult,Clayoquot,2019/08/06,0,6,M,P1,14:00,13,11,10,10,13,12,0,1,0,11.6,1,,
unknown,Adult,Clayoquot,2019/08/06,0,6,F,P2,14:00,13,11,10,10,13,12,0,0,1,11.6,0,,
unknown,Adult,Clayoquot,2019/08/06,63,7,M,A,14:00,13,11,10,10,13,12,0,0,1,11.6,0,,
unknown,Adult,Clayoquot,2019/08/06,63,7,F,P2,14:00,13,11,10,10,13,12,1,0,0,11.6,1,,
unknown,Adult,Clayoquot,2019/08/06,63,7,M,P1,14:00,13,11,10,10,13,12,1,0,0,11.6,1,,
unknown,Adult,Clayoquot,2019/08/06,63,7,M,A,14:00,13,11,10,10,13,12,0,0,1,11.6,0,,
unknown,Adult,Clayoquot,2019/08/06,63,7,M,P2,14:00,13,11,10,10,13,12,0,0,1,11.6,0,,
unknown,Adult,Clayoquot,2019/08/06,63,7,M,P2,14:00,13,11,10,10,13,12,0,0,1,11.6,0,,
unknown,Adult,Clayoquot,2019/08/06,63,7,F,P2,14:00,13,11,10,10,13,12,1,0,0,11.6,1,,
unknown,Adult,Clayoquot,2019/08/06,63,7,M,A,14:00,13,11,10,10,13,12,1,0,0,11.6,1,,
unknown,Adult,Clayoquot,2019/08/06,125,8,M,P2,14:00,13,11,10,10,13,12,0,0,1,11.6,0,,
unknown,Adult,Clayoquot,2019/08/06,125,8,M,A,14:00,13,11,10,10,13,12,0,1,0,11.6,1,,
unknown,Adult,Clayoquot,2019/08/06,125,8,M,A,14:00,13,11,10,10,13,12,0,0,1,11.6,0,,
unknown,Adult,Clayoquot,2019/08/06,125,8,M,A,14:00,13,11,10,10,13,12,0,0,1,11.6,0,,
unknown,Adult,Clayoquot,2019/08/06,125,8,M,A,14:00,13,11,10,10,13,12,0,0,1,11.6,0,,
unknown,Adult,Clayoquot,2019/08/06,125,8,M,A,14:00,13,11,10,10,13,12,0,0,1,11.6,0,,
unknown,Adult,Clayoquot,2019/08/06,125,8,F,P2,14:00,13,11,10,10,13,12,1,0,0,11.6,1,,
unknown,Adult,Clayoquot,2019/08/06,125,8,M,A,14:00,13,11,10,10,13,12,0,0,1,11.6,0,,
unknown,Adult,Clayoquot,2019/08/06,250,9,M,A,14:00,13,11,10,10,13,12,0,0,1,11.6,0,,
unknown,Adult,Clayoquot,2019/08/06,250,9,M,P2,14:00,13,11,10,10,13,12,0,1,0,11.6,1,,
unknown,Adult,Clayoquot,2019/08/06,250,9,M,A,14:00,13,11,10,10,13,12,0,0,1,11.6,0,,
unknown,Adult,Clayoquot,2019/08/06,250,9,M,P2,14:00,13,11,10,10,13,12,1,0,0,11.6,1,,
unknown,Adult,Clayoquot,2019/08/06,250,9,M,P2,14:00,13,11,10,10,13,12,1,0,0,11.6,1,,
unknown,Adult,Clayoquot,2019/08/06,250,9,M,A,14:00,13,11,10,10,13,12,0,1,0,11.6,1,,
unknown,Adult,Clayoquot,2019/08/06,250,9,M,P2,14:00,13,11,10,10,13,12,1,0,0,11.6,1,,
unknown,Adult,Clayoquot,2019/08/06,250,9,F,P2,14:00,13,11,10,10,13,12,1,0,0,11.6,1,,
unknown,Adult,Clayoquot,2019/08/06,250,9,M,P1,14:00,13,11,10,10,13,12,1,0,0,11.6,1,,
unknown,Adult,Clayoquot,2019/08/07,0,10,M,A,13:00,14,12,11,11,12,12,0,0,1,12,0,"Because lice were taken off sportfish we don't know exactly how long they've been out of the ocean, on ice or in a hold.  This likley has an effect on mortality rates in trails. ",
unknown,Adult,Clayoquot,2019/08/07,0,10,M,A,13:00,14,12,11,11,12,12,0,0,1,12,0,,
unknown,Adult,Clayoquot,2019/08/07,0,10,M,A,13:00,14,12,11,11,12,12,0,0,1,12,0,,
unknown,Adult,Clayoquot,2019/08/07,0,10,M,P2,13:00,14,12,11,11,12,12,0,0,1,12,0,,
unknown,Adult,Clayoquot,2019/08/07,0,10,M,P2,13:00,14,12,11,11,12,12,0,0,1,12,0,,
unknown,Adult,Clayoquot,2019/08/07,31,11,M,A,13:00,14,12,11,11,12,12,1,0,0,12,1,,
unknown,Adult,Clayoquot,2019/08/07,31,11,M,P2,13:00,14,12,11,11,12,12,1,0,0,12,1,,
unknown,Adult,Clayoquot,2019/08/07,31,11,M,A,13:00,14,12,11,11,12,12,0,0,1,12,0,,
unknown,Adult,Clayoquot,2019/08/07,31,11,M,A,13:00,14,12,11,11,12,12,0,0,1,12,0,,
unknown,Adult,Clayoquot,2019/08/07,31,11,M,A,13:00,14,12,11,11,12,12,0,0,1,12,0,,
unknown,Adult,Clayoquot,2019/08/07,63,12,M,A,13:00,14,12,11,11,12,12,0,0,1,12,0,,
unknown,Adult,Clayoquot,2019/08/07,63,12,M,A,13:00,14,12,11,11,12,12,0,0,1,12,0,,
unknown,Adult,Clayoquot,2019/08/07,63,12,M,A,13:00,14,12,11,11,12,12,0,0,1,12,0,,
unknown,Adult,Clayoquot,2019/08/07,63,12,M,A,13:00,14,12,11,11,12,12,0,0,1,12,0,,
unknown,Adult,Clayoquot,2019/08/07,63,12,M,A,13:00,14,12,11,11,12,12,0,0,1,12,0,,
unknown,Adult,Clayoquot,2019/08/12,0,13,M,A,13:00,13,11,11,10,13,13,0,0,1,11.83,0,,
unknown,Adult,Clayoquot,2019/08/12,0,13,F,P2,13:00,13,11,11,10,13,13,0,0,1,11.83,0,,
unknown,Adult,Clayoquot,2019/08/12,0,13,M,P2,13:00,13,11,11,10,13,13,0,1,0,11.83,1,,
unknown,Adult,Clayoquot,2019/08/12,0,13,M,P2,13:00,13,11,11,10,13,13,0,0,1,11.83,0,,
unknown,Adult,Clayoquot,2019/08/12,0,13,M,A,13:00,13,11,11,10,13,13,0,0,1,11.83,0,,
unknown,Adult,Clayoquot,2019/08/12,0,13,M,A,13:00,13,11,11,10,13,13,0,0,1,11.83,0,,
unknown,Adult,Clayoquot,2019/08/12,0,13,F,P2,13:00,13,11,11,10,13,13,0,0,1,11.83,0,,
unknown,Adult,Clayoquot,2019/08/12,0,13,M,A,13:00,13,11,11,10,13,13,0,0,1,11.83,0,,
unknown,Adult,Clayoquot,2019/08/12,31,14,F,P2,13:00,13,11,11,10,13,13,0,0,1,11.83,0,,
unknown,Adult,Clayoquot,2019/08/12,31,14,M,A,13:00,13,11,11,10,13,13,0,0,1,11.83,0,,
unknown,Adult,Clayoquot,2019/08/12,31,14,M,P2,13:00,13,11,11,10,13,13,0,0,1,11.83,0,,
unknown,Adult,Clayoquot,2019/08/12,31,14,M,A,13:00,13,11,11,10,13,13,1,0,0,11.83,1,,
unknown,Adult,Clayoquot,2019/08/12,31,14,F,P2,13:00,13,11,11,10,13,13,0,0,1,11.83,0,,
unknown,Adult,Clayoquot,2019/08/12,31,14,M,P2,13:00,13,11,11,10,13,13,0,0,1,11.83,0,,
unknown,Adult,Clayoquot,2019/08/12,31,14,M,P2,13:00,13,11,11,10,13,13,0,0,1,11.83,0,,
unknown,Adult,Clayoquot,2019/08/12,31,14,M,A,13:00,13,11,11,10,13,13,0,0,1,11.83,0,,
unknown,Adult,Clayoquot,2019/08/12,63,15,M,P2,13:00,13,11,11,10,13,13,1,0,0,11.83,1,,
unknown,Adult,Clayoquot,2019/08/12,63,15,F,P2,13:00,13,11,11,10,13,13,1,0,0,11.83,1,,
unknown,Adult,Clayoquot,2019/08/12,63,15,M,A,13:00,13,11,11,10,13,13,1,0,0,11.83,1,,
unknown,Adult,Clayoquot,2019/08/12,63,15,M,P2,13:00,13,11,11,10,13,13,0,0,1,11.83,0,,
unknown,Adult,Clayoquot,2019/08/12,63,15,F,P2,13:00,13,11,11,10,13,13,0,0,1,11.83,0,,
unknown,Adult,Clayoquot,2019/08/12,63,15,M,P2,13:00,13,11,11,10,13,13,0,0,1,11.83,0,,
unknown,Adult,Clayoquot,2019/08/12,63,15,M,A,13:00,13,11,11,10,13,13,0,0,1,11.83,0,,
unknown,Adult,Clayoquot,2019/08/12,63,15,M,A,13:00,13,11,11,10,13,13,0,0,1,11.83,0,,
unknown,Adult,Clayoquot,2019/08/12,125,16,M,A,13:00,13,11,11,10,13,13,0,0,1,11.83,0,,
unknown,Adult,Clayoquot,2019/08/12,125,16,M,A,13:00,13,11,11,10,13,13,0,0,1,11.83,0,,
unknown,Adult,Clayoquot,2019/08/12,125,16,M,P1,13:00,13,11,11,10,13,13,0,1,0,11.83,1,,
unknown,Adult,Clayoquot,2019/08/12,125,16,M,A,13:00,13,11,11,10,13,13,0,1,0,11.83,1,,
unknown,Adult,Clayoquot,2019/08/12,125,16,F,P2,13:00,13,11,11,10,13,13,1,0,0,11.83,1,,
unknown,Adult,Clayoquot,2019/08/12,125,16,M,P2,13:00,13,11,11,10,13,13,0,0,1,11.83,0,,
unknown,Adult,Clayoquot,2019/08/12,125,16,F,P2,13:00,13,11,11,10,13,13,1,0,0,11.83,1,,
unknown,Adult,Clayoquot,2019/08/12,125,16,M,P2,13:00,13,11,11,10,13,13,1,0,0,11.83,1,,
unknown,Adult,Clayoquot,2019/08/12,125,16,M,P2,13:00,13,11,11,10,13,13,1,0,0,11.83,1,,
unknown,Adult,Clayoquot,2019/08/14,0,17,F,P2,10:30,14,12,10,12,11,13,0,1,0,12.00,1,,
unknown,Adult,Clayoquot,2019/08/14,0,17,M,A,10:30,14,12,10,12,11,13,0,0,1,12.00,0,,
unknown,Adult,Clayoquot,2019/08/14,0,17,M,P1,10:30,14,12,10,12,11,13,0,0,1,12.00,0,,
unknown,Adult,Clayoquot,2019/08/14,0,17,M,A,10:30,14,12,10,12,11,13,0,0,1,12.00,0,,
unknown,Adult,Clayoquot,2019/08/14,0,17,F,P2,10:30,14,12,10,12,11,13,0,0,1,12.00,0,,
unknown,Adult,Clayoquot,2019/08/14,0,17,M,P1,10:30,14,12,10,12,11,13,0,0,1,12.00,0,,
unknown,Adult,Clayoquot,2019/08/14,0,17,M,A,10:30,14,12,10,12,11,13,0,0,1,12.00,0,,
unknown,Adult,Clayoquot,2019/08/14,31,18,F,P2,10:30,14,12,10,12,11,13,1,0,0,12.00,1,,
unknown,Adult,Clayoquot,2019/08/14,31,18,M,P1,10:30,14,12,10,12,11,13,1,0,0,12.00,1,,
unknown,Adult,Clayoquot,2019/08/14,31,18,M,P1,10:30,14,12,10,12,11,13,1,0,0,12.00,1,,
unknown,Adult,Clayoquot,2019/08/14,31,18,F,P2,10:30,14,12,10,12,11,13,0,1,0,12.00,1,,
unknown,Adult,Clayoquot,2019/08/14,31,18,M,A,10:30,14,12,10,12,11,13,1,0,0,12.00,1,,
unknown,Adult,Clayoquot,2019/08/14,31,18,M,P2,10:30,14,12,10,12,11,13,0,0,1,12.00,0,,
unknown,Adult,Clayoquot,2019/08/14,31,18,F,P2,10:30,14,12,10,12,11,13,0,1,0,12.00,1,,
unknown,Adult,Clayoquot,2019/08/14,63,19,M,A,10:30,14,12,10,12,11,13,1,0,0,12.00,1,,
unknown,Adult,Clayoquot,2019/08/14,63,19,F,P2,10:30,14,12,10,12,11,13,1,0,0,12.00,1,,
unknown,Adult,Clayoquot,2019/08/14,63,19,M,A,10:30,14,12,10,12,11,13,1,0,0,12.00,1,,
unknown,Adult,Clayoquot,2019/08/14,63,19,M,A,10:30,14,12,10,12,11,13,0,1,0,12.00,1,,
unknown,Adult,Clayoquot,2019/08/14,63,19,F,P2,10:30,14,12,10,12,11,13,1,0,0,12.00,1,,
unknown,Adult,Clayoquot,2019/08/14,63,19,M,A,10:30,14,12,10,12,11,13,0,0,1,12.00,0,,
unknown,Adult,Clayoquot,2019/08/14,63,19,M,A,10:30,14,12,10,12,11,13,0,1,0,12.00,1,,
unknown,Adult,Clayoquot,2019/08/14,125,20,F,P2,10:30,14,12,10,12,11,13,1,0,0,12.00,1,,
unknown,Adult,Clayoquot,2019/08/14,125,20,M,P1,10:30,14,12,10,12,11,13,1,0,0,12.00,1,,
unknown,Adult,Clayoquot,2019/08/14,125,20,M,A,10:30,14,12,10,12,11,13,1,0,0,12.00,1,,
unknown,Adult,Clayoquot,2019/08/14,125,20,F,P2,10:30,14,12,10,12,11,13,1,0,0,12.00,1,,
unknown,Adult,Clayoquot,2019/08/14,125,20,M,A,10:30,14,12,10,12,11,13,0,0,1,12.00,0,,
unknown,Adult,Clayoquot,2019/08/14,125,20,M,A,10:30,14,12,10,12,11,13,0,0,1,12.00,0,,
unknown,Adult,Clayoquot,2019/08/14,250,21,M,A,10:30,14,12,10,12,11,13,0,1,0,12.00,1,,
unknown,Adult,Clayoquot,2019/08/14,250,21,M,P2,10:30,14,12,10,12,11,13,1,0,0,12.00,1,,
unknown,Adult,Clayoquot,2019/08/14,250,21,M,P2,10:30,14,12,10,12,11,13,1,0,0,12.00,1,,
unknown,Adult,Clayoquot,2019/08/14,250,21,M,A,10:30,14,12,10,12,11,13,1,0,0,12.00,1,,
unknown,Adult,Clayoquot,2019/08/14,250,21,F,P2,10:30,14,12,10,12,11,13,1,0,0,12.00,1,,
unknown,Adult,Clayoquot,2019/08/14,250,21,M,A,10:30,14,12,10,12,11,13,0,0,1,12.00,0,,
unknown,Adult,Clayoquot,2019/08/14,250,21,F,P2,10:30,14,12,10,12,11,13,1,0,0,12.00,1,,
unknown,Adult,Clayoquot,2019/08/14,500,22,F,P2,10:30,14,12,10,12,11,13,1,0,0,12.00,1,,
unknown,Adult,Clayoquot,2019/08/14,500,22,M,A,10:30,14,12,10,12,11,13,0,1,0,12.00,1,,
unknown,Adult,Clayoquot,2019/08/14,500,22,M,P2,10:30,14,12,10,12,11,13,1,0,0,12.00,1,,
unknown,Adult,Clayoquot,2019/08/14,500,22,F,P2,10:30,14,12,10,12,11,13,1,0,0,12.00,1,,
unknown,Adult,Clayoquot,2019/08/14,500,22,M,A,10:30,14,12,10,12,11,13,1,0,0,12.00,1,,
unknown,Adult,Clayoquot,2019/08/14,500,22,M,P2,10:30,14,12,10,12,11,13,0,1,0,12.00,1,,
unknown,Adult,Clayoquot,2019/08/14,500,22,F,P1,10:30,14,12,10,12,11,13,1,0,0,12.00,1,,
unknown,Adult,Clayoquot,2019/08/15,0,23,M,P2,14:40,14,11,10,10,11,10,0,0,1,11.00,0,,
unknown,Adult,Clayoquot,2019/08/15,0,23,F,P2,14:40,14,11,10,10,11,10,0,0,1,11.00,0,,
unknown,Adult,Clayoquot,2019/08/15,0,23,M,A,14:40,14,11,10,10,11,10,0,0,1,11.00,0,,
unknown,Adult,Clayoquot,2019/08/15,0,23,M,P2,14:40,14,11,10,10,11,10,0,0,1,11.00,0,,
unknown,Adult,Clayoquot,2019/08/15,0,23,F,P1,14:40,14,11,10,10,11,10,0,0,1,11.00,0,,
unknown,Adult,Clayoquot,2019/08/15,0,23,M,P2,14:40,14,11,10,10,11,10,0,0,1,11.00,0,,
unknown,Adult,Clayoquot,2019/08/15,0,23,M,P2,14:40,14,11,10,10,11,10,0,0,1,11.00,0,,
unknown,Adult,Clayoquot,2019/08/15,0,23,M,A,14:40,14,11,10,10,11,10,0,0,1,11.00,0,,
unknown,Adult,Clayoquot,2019/08/15,0,23,F,P2,14:40,14,11,10,10,11,10,0,0,1,11.00,0,,
unknown,Adult,Clayoquot,2019/08/15,0,23,M,P2,14:40,14,11,10,10,11,10,0,0,1,11.00,0,,
unknown,Adult,Clayoquot,2019/08/15,0,23,M,P2,14:40,14,11,10,10,11,10,0,0,1,11.00,0,,
unknown,Adult,Clayoquot,2019/08/15,0,23,M,P2,14:40,14,11,10,10,11,10,0,0,1,11.00,0,,
unknown,Adult,Clayoquot,2019/08/15,31,24,M,A,14:40,14,11,10,10,11,10,0,1,0,11.00,1,,
unknown,Adult,Clayoquot,2019/08/15,31,24,M,A,14:40,14,11,10,10,11,10,0,0,1,11.00,0,,
unknown,Adult,Clayoquot,2019/08/15,31,24,M,A,14:40,14,11,10,10,11,10,0,0,1,11.00,0,,
unknown,Adult,Clayoquot,2019/08/15,31,24,M,A,14:40,14,11,10,10,11,10,0,0,1,11.00,0,,
unknown,Adult,Clayoquot,2019/08/15,31,24,M,A,14:40,14,11,10,10,11,10,0,0,1,11.00,0,,
unknown,Adult,Clayoquot,2019/08/15,31,24,F,P2,14:40,14,11,10,10,11,10,0,0,1,11.00,0,,
unknown,Adult,Clayoquot,2019/08/15,31,24,M,A,14:40,14,11,10,10,11,10,0,0,1,11.00,0,,
unknown,Adult,Clayoquot,2019/08/15,31,24,M,A,14:40,14,11,10,10,11,10,0,0,1,11.00,0,,
unknown,Adult,Clayoquot,2019/08/15,31,24,M,A,14:40,14,11,10,10,11,10,0,0,1,11.00,0,,
unknown,Adult,Clayoquot,2019/08/15,31,24,M,P2,14:40,14,11,10,10,11,10,0,0,1,11.00,0,,
unknown,Adult,Clayoquot,2019/08/15,31,24,M,A,14:40,14,11,10,10,11,10,0,0,1,11.00,0,,
unknown,Adult,Clayoquot,2019/08/15,31,24,F,P2,14:40,14,11,10,10,11,10,0,0,1,11.00,0,,
unknown,Adult,Clayoquot,2019/08/15,31,24,M,P2,14:40,14,11,10,10,11,10,0,0,1,11.00,0,,
unknown,Adult,Clayoquot,2019/08/15,31,24,M,P2,14:40,14,11,10,10,11,10,0,0,1,11.00,0,,
unknown,Adult,Clayoquot,2019/08/15,31,24,F,P1,14:40,14,11,10,10,11,10,0,0,1,11.00,0,,
unknown,Adult,Clayoquot,2019/08/15,63,25,F,P2,14:40,14,11,10,10,11,10,0,0,1,11.00,0,,
unknown,Adult,Clayoquot,2019/08/15,63,25,M,P1,14:40,14,11,10,10,11,10,1,0,0,11.00,1,,
unknown,Adult,Clayoquot,2019/08/15,63,25,F,P2,14:40,14,11,10,10,11,10,1,0,0,11.00,1,,
unknown,Adult,Clayoquot,2019/08/15,63,25,M,A,14:40,14,11,10,10,11,10,0,0,1,11.00,0,,
unknown,Adult,Clayoquot,2019/08/15,63,25,F,P1,14:40,14,11,10,10,11,10,1,0,0,11.00,1,,
unknown,Adult,Clayoquot,2019/08/15,63,25,M,A,14:40,14,11,10,10,11,10,0,0,1,11.00,0,,
unknown,Adult,Clayoquot,2019/08/15,63,25,M,A,14:40,14,11,10,10,11,10,0,0,1,11.00,0,,
unknown,Adult,Clayoquot,2019/08/15,63,25,M,A,14:40,14,11,10,10,11,10,0,0,1,11.00,0,,
unknown,Adult,Clayoquot,2019/08/15,63,25,M,A,14:40,14,11,10,10,11,10,0,0,1,11.00,0,,
unknown,Adult,Clayoquot,2019/08/15,63,25,M,A,14:40,14,11,10,10,11,10,0,0,1,11.00,0,,
unknown,Adult,Clayoquot,2019/08/15,63,25,M,P2,14:40,14,11,10,10,11,10,0,0,1,11.00,0,,
unknown,Adult,Clayoquot,2019/08/15,63,25,F,P2,14:40,14,11,10,10,11,10,0,1,0,11.00,1,,
unknown,Adult,Clayoquot,2019/08/15,125,26,M,A,14:40,14,11,10,10,11,10,0,1,0,11.00,1,,
unknown,Adult,Clayoquot,2019/08/15,125,26,M,P2,14:40,14,11,10,10,11,10,1,0,0,11.00,1,,
unknown,Adult,Clayoquot,2019/08/15,125,26,M,A,14:40,14,11,10,10,11,10,0,1,0,11.00,1,,
unknown,Adult,Clayoquot,2019/08/15,125,26,F,P2,14:40,14,11,10,10,11,10,1,0,0,11.00,1,,
unknown,Adult,Clayoquot,2019/08/15,125,26,M,A,14:40,14,11,10,10,11,10,0,0,1,11.00,0,,
unknown,Adult,Clayoquot,2019/08/15,125,26,F,P2,14:40,14,11,10,10,11,10,1,0,0,11.00,1,,
unknown,Adult,Clayoquot,2019/08/15,125,26,M,A,14:40,14,11,10,10,11,10,1,0,0,11.00,1,,
unknown,Adult,Clayoquot,2019/08/15,125,26,M,A,14:40,14,11,10,10,11,10,0,0,1,11.00,0,,
unknown,Adult,Clayoquot,2019/08/15,125,26,M,A,14:40,14,11,10,10,11,10,0,0,1,11.00,0,,
unknown,Adult,Clayoquot,2019/08/15,125,26,M,A,14:40,14,11,10,10,11,10,0,1,0,11.00,1,,
unknown,Adult,Clayoquot,2019/08/15,125,26,M,A,14:40,14,11,10,10,11,10,0,0,1,11.00,0,,
unknown,Adult,Clayoquot,2019/08/15,125,26,M,P2,14:40,14,11,10,10,11,10,0,1,0,11.00,1,,
unknown,Adult,Clayoquot,2019/08/15,250,27,M,A,14:40,14,11,10,10,11,10,0,0,1,11.00,0,,
unknown,Adult,Clayoquot,2019/08/15,250,27,M,A,14:40,14,11,10,10,11,10,1,0,0,11.00,1,,
unknown,Adult,Clayoquot,2019/08/15,250,27,F,P2,14:40,14,11,10,10,11,10,1,0,0,11.00,1,,
unknown,Adult,Clayoquot,2019/08/15,250,27,F,P2,14:40,14,11,10,10,11,10,0,0,1,11.00,0,,
unknown,Adult,Clayoquot,2019/08/15,250,27,M,P2,14:40,14,11,10,10,11,10,1,0,0,11.00,1,,
unknown,Adult,Clayoquot,2019/08/15,250,27,M,A,14:40,14,11,10,10,11,10,1,0,0,11.00,1,,
unknown,Adult,Clayoquot,2019/08/15,250,27,M,A,14:40,14,11,10,10,11,10,0,1,0,11.00,1,,
unknown,Adult,Clayoquot,2019/08/15,250,27,M,P2,14:40,14,11,10,10,11,10,0,0,1,11.00,0,,
unknown,Adult,Clayoquot,2019/08/15,250,27,M,A,14:40,14,11,10,10,11,10,0,0,1,11.00,0,,
unknown,Adult,Clayoquot,2019/08/15,250,27,F,P2,14:40,14,11,10,10,11,10,1,0,0,11.00,1,,
unknown,Adult,Clayoquot,2019/08/15,250,27,F,P1,14:40,14,11,10,10,11,10,1,0,0,11.00,1,,
unknown,Adult,Clayoquot,2019/08/15,250,27,M,P2,14:40,14,11,10,10,11,10,1,0,0,11.00,1,,
unknown,Adult,Clayoquot,2019/08/15,250,27,F,P2,14:40,14,11,10,10,11,10,1,0,0,11.00,1,,
unknown,Adult,Clayoquot,2019/08/15,250,27,M,P2,14:40,14,11,10,10,11,10,1,0,0,11.00,1,,
unknown,Adult,Clayoquot,2019/08/15,500,28,M,A,14:40,14,11,10,10,11,10,0,1,0,11.00,1,,
unknown,Adult,Clayoquot,2019/08/15,500,28,M,A,14:40,14,11,10,10,11,10,1,0,0,11.00,1,,
unknown,Adult,Clayoquot,2019/08/15,500,28,F,P2,14:40,14,11,10,10,11,10,1,0,0,11.00,1,,
unknown,Adult,Clayoquot,2019/08/15,500,28,M,A,14:40,14,11,10,10,11,10,1,0,0,11.00,1,,
unknown,Adult,Clayoquot,2019/08/15,500,28,M,A,14:40,14,11,10,10,11,10,1,0,0,11.00,1,,
unknown,Adult,Clayoquot,2019/08/15,500,28,M,A,14:40,14,11,10,10,11,10,0,1,0,11.00,1,,
unknown,Adult,Clayoquot,2019/08/15,500,28,M,A,14:40,14,11,10,10,11,10,1,0,0,11.00,1,,
unknown,Adult,Clayoquot,2019/08/15,500,28,M,A,14:40,14,11,10,10,11,10,1,0,0,11.00,1,,
unknown,Adult,Clayoquot,2019/08/15,500,28,F,P2,14:40,14,11,10,10,11,10,1,0,0,11.00,1,,
unknown,Adult,Clayoquot,2019/08/15,500,28,M,P2,14:40,14,11,10,10,11,10,1,0,0,11.00,1,,
unknown,Adult,Clayoquot,2019/08/15,500,28,M,P2,14:40,14,11,10,10,11,10,1,0,0,11.00,1,,
unknown,Adult,Clayoquot,2019/08/15,500,28,M,A,14:40,14,11,10,10,11,10,1,0,0,11.00,1,,
unknown,Adult,Clayoquot,2019/08/15,500,28,F,P2,14:40,14,11,10,10,11,10,1,0,0,11.00,1,,
unknown,Adult,Clayoquot,2019/08/15,500,28,M,P2,14:40,14,11,10,10,11,10,1,0,0,11.00,1,,
unknown,Adult,Clayoquot,2019/08/18,0,29,M,P1,12:15,13,11,11,10,11,12,0,0,1,11.33,0,,
unknown,Adult,Clayoquot,2019/08/18,0,29,M,P2,12:15,13,11,11,10,11,12,0,0,1,11.33,0,,
unknown,Adult,Clayoquot,2019/08/18,0,29,M,A,12:15,13,11,11,10,11,12,0,0,1,11.33,0,,
unknown,Adult,Clayoquot,2019/08/18,0,29,M,A,12:15,13,11,11,10,11,12,0,0,1,11.33,0,,
unknown,Adult,Clayoquot,2019/08/18,0,29,M,A,12:15,13,11,11,10,11,12,0,0,1,11.33,0,,
unknown,Adult,Clayoquot,2019/08/18,0,29,M,A,12:15,13,11,11,10,11,12,0,0,1,11.33,0,,
unknown,Adult,Clayoquot,2019/08/18,0,29,M,A,12:15,13,11,11,10,11,12,0,0,1,11.33,0,,
unknown,Adult,Clayoquot,2019/08/18,0,29,F,P2,12:15,13,11,11,10,11,12,0,0,1,11.33,0,,
unknown,Adult,Clayoquot,2019/08/18,31,30,M,P2,12:15,13,11,11,10,11,12,0,0,1,11.33,0,,
unknown,Adult,Clayoquot,2019/08/18,31,30,M,P2,12:15,13,11,11,10,11,12,0,0,1,11.33,0,,
unknown,Adult,Clayoquot,2019/08/18,31,30,F,P2,12:15,13,11,11,10,11,12,0,0,1,11.33,0,,
unknown,Adult,Clayoquot,2019/08/18,31,30,M,A,12:15,13,11,11,10,11,12,1,0,0,11.33,1,,
unknown,Adult,Clayoquot,2019/08/18,31,30,F,P2,12:15,13,11,11,10,11,12,1,0,0,11.33,1,,
unknown,Adult,Clayoquot,2019/08/18,31,30,M,A,12:15,13,11,11,10,11,12,0,0,1,11.33,0,,
unknown,Adult,Clayoquot,2019/08/18,31,30,F,P1,12:15,13,11,11,10,11,12,1,0,0,11.33,1,,
unknown,Adult,Clayoquot,2019/08/18,31,30,F,P2,12:15,13,11,11,10,11,12,1,0,0,11.33,1,,
unknown,Adult,Clayoquot,2019/08/18,63,31,M,P1,12:15,13,11,11,10,11,12,0,0,1,11.33,0,,
unknown,Adult,Clayoquot,2019/08/18,63,31,M,A,12:15,13,11,11,10,11,12,0,0,1,11.33,0,,
unknown,Adult,Clayoquot,2019/08/18,63,31,M,P2,12:15,13,11,11,10,11,12,0,0,1,11.33,0,,
unknown,Adult,Clayoquot,2019/08/18,63,31,M,P2,12:15,13,11,11,10,11,12,0,0,1,11.33,0,,
unknown,Adult,Clayoquot,2019/08/18,63,31,M,P2,12:15,13,11,11,10,11,12,0,0,1,11.33,0,,
unknown,Adult,Clayoquot,2019/08/18,63,31,M,P2,12:15,13,11,11,10,11,12,0,0,1,11.33,0,,
unknown,Adult,Clayoquot,2019/08/18,63,31,M,A,12:15,13,11,11,10,11,12,0,0,1,11.33,0,,
unknown,Adult,Clayoquot,2019/08/18,63,31,F,P2,12:15,13,11,11,10,11,12,1,0,0,11.33,1,,
unknown,Adult,Clayoquot,2019/08/18,63,31,F,P2,12:15,13,11,11,10,11,12,0,0,1,11.33,0,,
unknown,Adult,Clayoquot,2019/08/18,125,32,M,P1,12:15,13,11,11,10,11,12,1,0,0,11.33,1,,
unknown,Adult,Clayoquot,2019/08/18,125,32,M,P2,12:15,13,11,11,10,11,12,1,0,0,11.33,1,,
unknown,Adult,Clayoquot,2019/08/18,125,32,M,P2,12:15,13,11,11,10,11,12,1,0,0,11.33,1,,
unknown,Adult,Clayoquot,2019/08/18,125,32,M,A,12:15,13,11,11,10,11,12,0,1,0,11.33,1,,
unknown,Adult,Clayoquot,2019/08/18,125,32,M,P2,12:15,13,11,11,10,11,12,0,0,1,11.33,0,,
unknown,Adult,Clayoquot,2019/08/18,125,32,M,P2,12:15,13,11,11,10,11,12,1,0,0,11.33,1,,
unknown,Adult,Clayoquot,2019/08/18,125,32,M,A,12:15,13,11,11,10,11,12,0,0,1,11.33,0,,
unknown,Adult,Clayoquot,2019/08/18,125,32,M,A,12:15,13,11,11,10,11,12,0,0,1,11.33,0,,
unknown,Adult,Clayoquot,2019/08/18,125,32,F,P1,12:15,13,11,11,10,11,12,1,0,0,11.33,1,,
unknown,Adult,Clayoquot,2019/08/18,125,32,F,P2,12:15,13,11,11,10,11,12,0,0,1,11.33,0,,
unknown,Adult,Clayoquot,2019/08/18,125,32,F,P2,12:15,13,11,11,10,11,12,0,0,1,11.33,0,,
unknown,Adult,Clayoquot,2019/08/18,250,33,F,P2,12:15,13,11,11,10,11,12,1,0,0,11.33,1,,
unknown,Adult,Clayoquot,2019/08/18,250,33,F,P1,12:15,13,11,11,10,11,12,1,0,0,11.33,1,,
unknown,Adult,Clayoquot,2019/08/18,250,33,M,P2,12:15,13,11,11,10,11,12,0,0,1,11.33,0,,
unknown,Adult,Clayoquot,2019/08/18,250,33,M,P1,12:15,13,11,11,10,11,12,0,1,0,11.33,1,,
unknown,Adult,Clayoquot,2019/08/18,250,33,M,A,12:15,13,11,11,10,11,12,1,0,0,11.33,1,,
unknown,Adult,Clayoquot,2019/08/18,250,33,M,A,12:15,13,11,11,10,11,12,1,0,0,11.33,1,,
unknown,Adult,Clayoquot,2019/08/18,250,33,F,P2,12:15,13,11,11,10,11,12,0,1,0,11.33,1,,
unknown,Adult,Clayoquot,2019/08/18,500,34,M,A,12:15,13,11,11,10,11,12,1,0,0,11.33,1,,
unknown,Adult,Clayoquot,2019/08/18,500,34,M,P2,12:15,13,11,11,10,11,12,1,0,0,11.33,1,,
unknown,Adult,Clayoquot,2019/08/18,500,34,M,P2,12:15,13,11,11,10,11,12,1,0,0,11.33,1,,
unknown,Adult,Clayoquot,2019/08/18,500,34,M,A,12:15,13,11,11,10,11,12,1,0,0,11.33,1,,
unknown,Adult,Clayoquot,2019/08/18,500,34,F,P1,12:15,13,11,11,10,11,12,1,0,0,11.33,1,,
unknown,Adult,Clayoquot,2019/08/18,500,34,F,P2,12:15,13,11,11,10,11,12,0,1,0,11.33,1,,
unknown,Adult,Clayoquot,2019/08/18,500,34,F,P2,12:15,13,11,11,10,11,12,1,0,0,11.33,1,,